Email,Referral_Count
elias.zimmermann@gmx.de,3
emily.wagner203@icloud.com,0
leon.richter@outlook.com,1
emma.becker@outlook.com,5
lukas.müller@yahoo.com,1
tim.schäfer@web.de,3
mia.neumann133@web.de,3
ben.wolf@hotmail.de,0
mia.schneider603@web.de,2
julia.schröder@hotmail.de,1
lena.schmidt@yahoo.com,4
lea.meyer@gmx.de,2
paul.braun@outlook.com,9
lukas.koch811@gmx.de,4
julia.müller@gmx.de,10
paul.klein@web.de,1
ben.koch243@icloud.com,6
emma.klein@icloud.com,0
jonas.zimmermann@web.de,5
julia.wolf@gmail.com,0
julia.zimmermann@web.de,3
sarah.schwarz@yahoo.com,5
noah.schröder@icloud.com,2
sarah.wagner@icloud.com,0
marie.wolf@gmail.com,0
sarah.koch@outlook.com,3
julia.hoffmann672@outlook.com,2
sarah.bauer@gmail.com,4
sarah.schäfer@gmx.de,5
marie.schmidt326@gmx.de,1
noah.fischer884@web.de,3
finn.schmidt@icloud.com,2
noah.richter24@gmail.com,1
tim.richter@icloud.com,1
leon.schwarz@yahoo.com,0
marie.schröder277@gmail.com,0
elias.schäfer577@web.de,5
ben.schwarz@yahoo.com,3
jonas.richter@web.de,8
noah.wagner@gmail.com,1
elias.müller@hotmail.de,7
leon.bauer823@outlook.com,0
sarah.richter@outlook.com,2
elias.richter@yahoo.com,1
jonas.wagner@yahoo.com,1
ben.wolf@gmx.de,4
tim.schneider@web.de,1
mia.richter@outlook.com,1
emily.zimmermann905@gmx.de,0
lea.bauer@gmx.de,1
lea.zimmermann@yahoo.com,3
lena.schröder989@gmail.com,3
elias.braun434@yahoo.com,2
laura.richter@outlook.com,2
max.schmidt@web.de,2
julia.hoffmann801@web.de,0
noah.neumann@hotmail.de,2
sarah.schwarz@outlook.com,5
julia.schmidt@outlook.com,0
max.wagner631@hotmail.de,3
elias.fischer@gmail.com,4
mia.klein@yahoo.com,5
sarah.wolf91@gmx.de,2
tim.schneider@gmail.com,0
noah.neumann777@icloud.com,7
lea.schneider@web.de,1
leon.meyer@web.de,0
marie.wolf@icloud.com,2
ben.becker862@gmail.com,0
lukas.weber@yahoo.com,0
leon.schäfer@gmail.com,4
lena.schäfer@gmx.de,1
ben.schäfer@gmail.com,4
mia.schwarz@yahoo.com,3
marie.koch@icloud.com,0
max.schwarz398@gmail.com,3
paul.schwarz@icloud.com,7
marie.schneider@gmx.de,3
mia.meyer@hotmail.de,0
laura.schwarz@gmail.com,8
lukas.hoffmann477@hotmail.de,2
emily.wagner@web.de,1
noah.schröder819@hotmail.de,1
mia.müller@icloud.com,0
noah.neumann@icloud.com,0
jonas.schwarz@outlook.com,1
lena.schröder778@icloud.com,1
max.schröder@hotmail.de,0
finn.schwarz@icloud.com,4
anna.neumann331@gmx.de,6
anna.klein@icloud.com,2
lea.klein965@icloud.com,5
leon.richter@icloud.com,1
anna.bauer@gmail.com,3
emily.richter@outlook.com,2
sarah.schäfer@hotmail.de,1
laura.braun@yahoo.com,0
jonas.becker@yahoo.com,2
ben.zimmermann845@gmail.com,3
max.koch@yahoo.com,3
anna.fischer@gmx.de,2
finn.bauer@yahoo.com,4
leon.becker@gmx.de,0
mia.weber@web.de,3
sarah.meyer@gmx.de,4
finn.richter239@hotmail.de,10
sarah.richter@web.de,1
mia.becker@hotmail.de,1
leon.bauer@gmx.de,2
finn.weber388@gmail.com,0
elias.schröder671@yahoo.com,1
ben.becker@gmail.com,3
emily.fischer@yahoo.com,1
anna.zimmermann@web.de,6
max.weber@outlook.com,6
noah.hoffmann@yahoo.com,3
leon.zimmermann@icloud.com,4
emily.koch48@yahoo.com,0
marie.wolf707@yahoo.com,5
marie.schäfer75@web.de,2
sarah.becker@hotmail.de,5
tim.schäfer@gmail.com,0
lena.braun@gmail.com,3
elias.klein@yahoo.com,1
jonas.schneider@yahoo.com,4
jonas.hoffmann@gmail.com,0
emily.koch341@yahoo.com,4
ben.meyer@gmx.de,0
lukas.koch@web.de,4
paul.klein@gmail.com,3
marie.neumann@yahoo.com,7
laura.neumann@hotmail.de,4
elias.neumann973@yahoo.com,0
mia.weber@hotmail.de,1
julia.schneider@hotmail.de,7
noah.schwarz@outlook.com,4
mia.zimmermann@gmail.com,0
emma.bauer@hotmail.de,3
finn.fischer@yahoo.com,0
lea.hoffmann@yahoo.com,0
jonas.braun@yahoo.com,0
julia.schwarz@gmx.de,1
lena.müller@web.de,3
noah.schwarz@gmx.de,2
laura.schwarz@outlook.com,4
tim.schröder@gmail.com,0
noah.braun@yahoo.com,6
lea.weber@yahoo.com,5
elias.wolf@web.de,1
anna.schmidt@web.de,2
emma.meyer90@gmail.com,3
laura.schmidt870@web.de,0
leon.richter941@outlook.com,2
lukas.koch@outlook.com,2
laura.müller@web.de,2
ben.meyer@web.de,0
emily.wagner@gmx.de,8
lea.meyer@gmail.com,4
anna.neumann@gmail.com,0
leon.hoffmann@yahoo.com,0
lena.schwarz853@hotmail.de,2
mia.schröder@hotmail.de,0
ben.neumann317@web.de,0
paul.hoffmann@icloud.com,4
paul.braun@gmx.de,3
anna.wagner@icloud.com,7
mia.müller466@outlook.com,3
elias.richter@gmail.com,1
emily.neumann@icloud.com,1
sarah.braun@gmail.com,1
emma.schmidt2@hotmail.de,0
tim.hoffmann@web.de,3
sarah.wagner302@web.de,0
finn.schmidt@web.de,1
noah.schneider@yahoo.com,5
jonas.becker@gmx.de,1
finn.schneider@outlook.com,3
lena.schäfer@hotmail.de,1
emily.weber203@gmail.com,5
max.hoffmann@icloud.com,1
marie.schmidt@web.de,1
elias.bauer@outlook.com,0
mia.wolf@gmx.de,0
jonas.neumann@gmail.com,1
julia.weber@web.de,0
paul.neumann@yahoo.com,2
noah.müller@gmail.com,4
elias.braun@outlook.com,0
tim.meyer@gmail.com,3
mia.becker@gmail.com,7
anna.wolf@yahoo.com,0
max.richter@gmail.com,8
mia.braun@hotmail.de,3
sarah.hoffmann@yahoo.com,2
elias.zimmermann@outlook.com,8
lukas.schwarz@gmx.de,8
marie.braun@gmx.de,4
tim.meyer@hotmail.de,3
max.becker@icloud.com,1
paul.braun359@gmx.de,1
max.wolf@gmx.de,8
paul.zimmermann@icloud.com,4
mia.meyer948@web.de,0
elias.klein785@gmx.de,1
mia.wagner916@hotmail.de,3
lea.hoffmann@icloud.com,1
max.schmidt@gmx.de,2
emily.bauer@hotmail.de,0
noah.bauer@gmail.com,2
jonas.schmidt@web.de,0
leon.müller@web.de,4
marie.richter@gmx.de,4
marie.schneider@web.de,0
emily.koch@yahoo.com,0
max.schäfer@icloud.com,7
lukas.hoffmann@gmail.com,7
tim.koch@outlook.com,1
lea.koch@hotmail.de,0
laura.becker@outlook.com,1
jonas.bauer@outlook.com,8
sarah.wolf@gmail.com,1
paul.becker@icloud.com,0
leon.wolf@icloud.com,7
tim.koch@icloud.com,3
leon.richter@yahoo.com,3
laura.müller@yahoo.com,5
elias.schäfer@yahoo.com,6
emily.braun@yahoo.com,0
lea.klein@yahoo.com,2
anna.schwarz331@icloud.com,0
leon.schwarz@hotmail.de,4
lena.schäfer607@icloud.com,7
anna.meyer@yahoo.com,8
elias.müller@outlook.com,0
emma.braun268@icloud.com,0
leon.schneider@yahoo.com,1
paul.wolf@yahoo.com,1
laura.schwarz@gmx.de,0
marie.müller@hotmail.de,1
jonas.braun@gmail.com,2
lea.schneider@icloud.com,1
julia.bauer@web.de,1
laura.koch@yahoo.com,2
emma.meyer@outlook.com,2
tim.hoffmann@yahoo.com,2
anna.schmidt222@web.de,3
max.richter@outlook.com,0
finn.neumann@icloud.com,0
laura.neumann@yahoo.com,5
lea.fischer@gmail.com,5
laura.klein320@hotmail.de,4
sarah.schwarz@web.de,1
jonas.fischer@gmail.com,3
lea.hoffmann@gmail.com,1
ben.schmidt@hotmail.de,8
mia.bauer@gmail.com,2
emma.hoffmann@web.de,2
laura.klein@hotmail.de,0
max.müller@web.de,1
leon.zimmermann940@outlook.com,3
lea.neumann@web.de,3
marie.schmidt@gmail.com,1
mia.schäfer@hotmail.de,0
ben.neumann@gmail.com,3
emily.schwarz@outlook.com,5
jonas.schmidt@icloud.com,10
julia.weber@outlook.com,0
ben.zimmermann@gmail.com,2
julia.neumann@outlook.com,0
finn.schröder747@web.de,2
emily.bauer@gmx.de,3
marie.richter@outlook.com,6
mia.klein@gmx.de,5
noah.schäfer@gmx.de,2
emma.weber@gmail.com,2
mia.schröder@yahoo.com,0
jonas.wolf@web.de,8
jonas.braun575@web.de,5
finn.schwarz@hotmail.de,8
lukas.schäfer@web.de,2
jonas.meyer@web.de,1
emma.wolf@icloud.com,2
emma.becker@icloud.com,0
finn.zimmermann@yahoo.com,4
emily.neumann@outlook.com,0
marie.müller@gmail.com,6
emma.bauer@outlook.com,5
emma.zimmermann@web.de,2
emily.weber@outlook.com,1
ben.weber@yahoo.com,5
julia.meyer790@yahoo.com,4
anna.weber@hotmail.de,2
lukas.schwarz@web.de,1
lena.bauer901@yahoo.com,0
emily.richter@hotmail.de,2
julia.zimmermann@yahoo.com,2
sarah.schwarz@icloud.com,2
julia.braun@web.de,1
julia.meyer@web.de,3
paul.wolf656@web.de,0
